素材键,中文名(删除前),企业,文件,磁盘大小(B),处置
si_c9997_00_s,,其他,角色头像/si_c9997_00_s.png,6941,从 data.js 移除 + PNG 移入 _r23_old/
si_c9998_00_s,,其他,角色头像/si_c9998_00_s.png,2562,从 data.js 移除 + PNG 移入 _r23_old/
si_c9999_00_s,,其他,角色头像/si_c9999_00_s.png,6709,从 data.js 移除 + PNG 移入 _r23_old/
si_c998_00_s,珍藏品专用虚拟角色,其他,角色头像/si_c998_00_s.png,3075,从 data.js 移除 + PNG 移入 _r23_old/
si_c984_01_s,,其他,角色头像/si_c984_01_s.png,15429,从 data.js 移除 + PNG 移入 _r23_old/
si_c999_00_s,,其他,角色头像/si_c999_00_s.png,6869,从 data.js 移除 + PNG 移入 _r23_old/
si_c976_00_s,,其他,角色头像/si_c976_00_s.png,17161,从 data.js 移除 + PNG 移入 _r23_old/
si_c967_00_s,,其他,角色头像/si_c967_00_s.png,3372,从 data.js 移除 + PNG 移入 _r23_old/
si_c968_00_s,,其他,角色头像/si_c968_00_s.png,2498,从 data.js 移除 + PNG 移入 _r23_old/
si_c969_00_s,,其他,角色头像/si_c969_00_s.png,2725,从 data.js 移除 + PNG 移入 _r23_old/
si_c000_00_s,,其他,角色头像/si_c000_00_s.png,7059,从 data.js 移除 + PNG 移入 _r23_old/
